#;Projet;Tracker;T�che parente;Statut;Priorit�;Sujet;Auteur;Assign� �;Temps estim�;Temps pass�;% r�alis�;Cr��;Ferm�;Demandes li�es;Points de sc�narios;Estimation bas�e sur la v�locit�;Position;Restant � faire (heures);Release;Priv�e;;;;;
6805;sg1;Feature;;New;Normal;call statistics maintenance;Michael Richardson;;26;0;2;0;23;11/07/2013 15:28;;;;;55250;23;0;;Non;;
7918;sg1;Bug;;New;Normal;Post engagement work;Samir Hussain;;;2;40;100;30/01/2014 10:09;;;;;2750;0;0;;Non;;;
3604;sg1;Task;Feature #5817: Future release features/tasks/bugs;New;Normal;Provide an indication for what time format to enter;Samir Hussain;;1;50;0;0;01/12/2011 23:46;;Li� � #3605;;;287550;1;50;;Non;;;
5060;sg1;Task;Feature #5817: Future release features/tasks/bugs;Assigned;Normal;Admin interface should handle duplicate image files;Samir Hussain;;2;0;0;10;02/08/2012 10:14;;;;;344450;2;0;;Non;;;
5173;sg1;Task;Feature #5882: beta 1.3;New;Normal;Have time stored/displayed in client's time zone;Samir Hussain;;3;0;28;0;0;05/09/2012 16:19;;Bloqu� par #6105;;;329350;3;0;;Non;;
7815;sg1;Task;Feature #7672: admin work;New;Normal;submission and feedback;Christian Meloche;Christian Meloche;;0;0;10/01/2014 12:17;;;;;114050;;;Non;;;;;
7814;sg1;Task;Feature #7672: admin work;New;Normal;final version;Christian Meloche;Christian Meloche;;0;0;10/01/2014 12:17;;;;;369900;;;Non;;;;;
7813;sg1;Task;Feature #7672: admin work;New;Normal;Draft report;Christian Meloche;Christian Meloche;;0;0;10/01/2014 12:17;;;;;410700;;;Non;;;;;
7812;sg1;Task;Feature #7672: admin work;New;Normal;data gathering and documentation;Christian Meloche;Christian Meloche;;0;0;10/01/2014 12:16;;;;;313200;;;Non;;;;;
7672;sg1;Feature;;New;Normal;admin work;Samir Hussain;;;2;21;0;28/11/2013 20:08;;;;;6350;0;0;;Non;;;
7811;sg1;Task;Feature #7672: admin work;New;Normal;"Preparation work
";Christian Meloche;Christian Meloche;;0;0;10/01/2014 12:15;;;;;319300;;;Non;;;;;
7810;sg1;Feature;;New;Normal;SR&ED 2013 report for IP4B;Christian Meloche;;;0;0;10/01/2014 12:15;;;;;13850;;;Non;;;;;
5030;sg1;Task;Feature #6805: call statistics maintenance;New;Normal;Cdrload: Called number for call object should be based on the last leg of the multileg call;Samir Hussain;;2;0;0;0;31/07/2012 19:33;;;;;188000;2;0;;Non;;;
3625;sg1;Feature;;New;Normal;training;Michael Richardson;;;7;34;50;06/12/2011 09:20;;;;;5300;0;0;;Non;;;
5801;sg1;Task;Bug #6473: cleanup/maintenance work -release 1.0;Assigned;Normal;Remove older remote branches;Samir Hussain;;;1;17;0;27/01/2013 15:32;;;;;283000;;;Non;;;;
6513;sg1;Task;Bug #6473: cleanup/maintenance work -release 1.0;Assigned;Normal;Deploy changes to settings_local.py to testing and production ;Samir Hussain;;;0;50;0;25/05/2013 14:15;;;;;328100;;;Non;;;;
6473;sg1;Bug;;New;Normal;cleanup/maintenance work -release 1.0;Samir Hussain;;;1;0;13;12/05/2013 09:36;;;;;54900;0;0;;Non;;;
7381;sg1;Feature;;New;Normal;call import test/process coverage;Michael Richardson;;18;0;1;50;0;07/10/2013 10:28;;;;;52600;18;0;;Non;;
5466;sg1;Bug;;New;Normal;search by end date doesn't work;Nadyne Bienvenue;Nadyne Bienvenue;;0;0;08/11/2012 12:43;;;;;13300;;;Non;;;;;
3742;sg1;Task;Feature #7381: call import test/process coverage;New;Normal;Add test cases for the portal code;Samir Hussain;;;1;25;0;08/01/2012 20:17;;;;;294600;;;Non;;;;
6395;sg1;Task;Feature #7381: call import test/process coverage;New;Normal;some field is too long:;Michael Richardson;;3;0;0;0;26/04/2013 14:26;;;;;290600;3;0;;Non;;;
5824;sg1;Task;Feature #7381: call import test/process coverage;New;Normal;Add test case for getting CSV information from views;Samir Hussain;;;0;0;31/01/2013 18:12;;;;;163050;;;Non;;;;;
5207;sg1;Task;Feature #7381: call import test/process coverage;New;Normal;userprofilecustomer should refer to user.id and not userprofile.id;Brenda Butler;;;0;0;13/09/2012 18:42;;;;;292700;;;Non;;;;;
6394;sg1;Task;Feature #7381: call import test/process coverage;New;Normal;"fix unknown calltype: ""Long Duration""";Michael Richardson;;3;0;0;0;26/04/2013 12:23;;;;;287250;3;0;;Non;;;
6400;sg1;Task;Feature #7381: call import test/process coverage;New;Normal;cdr load fails with illegal quoting;Michael Richardson;;3;0;0;0;27/04/2013 19:25;;;;;195450;3;0;;Non;;;
6397;sg1;Task;Feature #7381: call import test/process coverage;New;Normal;arel error loading CDRs;Michael Richardson;;5;0;0;0;26/04/2013 20:09;;;;;327050;5;0;;Non;;;
6423;sg1;Task;Feature #7381: call import test/process coverage;New;Normal;fix unknown call type: Barge-in;Michael Richardson;;4;0;0;0;03/05/2013 13:55;;;;;327900;4;0;;Non;;;
6317;sg1;Task;Feature #5882: beta 1.3;Assigned;Normal;Call transfert : orphan leg;Nadyne Bienvenue;Nadyne Bienvenue;;0;0;12/04/2013 11:49;;Li� � #6316;;;287450;;;Non;;;;;
4470;sg1;Feature;;New;Normal;integrate RackTable and DNS server;Michael Richardson;;;0;0;01/05/2012 15:29;;Li� � #4190;;;94100;;;Non;;;;;
4654;sg1;Feature;;New;Normal;make client-detailed page for admin use;Michael Richardson;;6;0;0;0;04/06/2012 10:59;;;;;31900;6;0;;Non;;;
5817;sg1;Feature;;Feedback;Normal;Future release features/tasks/bugs;Samir Hussain;;11;50;0;25;30/01/2013 14:36;;;;;24400;11;50;;Non;;;
6500;sg1;Task;Feature #6805: call statistics maintenance;Feedback;Normal;redo cdr loading process with additional caches;Michael Richardson;;4;0;40;0;0;16/05/2013 16:57;;Pr�c�de #6501;;;254100;4;0;;Non;;
6501;sg1;Task;Feature #6805: call statistics maintenance;Active;Normal;make callstats processing faster;Michael Richardson;;6;0;14;0;0;16/05/2013 16:58;;Suit #6500;;;287000;6;0;;Non;;
6803;sg1;Task;Feature #6805: call statistics maintenance;Active;Normal;using pbx_type; defer calculation and presentation of abandoned call processing;Michael Richardson;;2;0;0;0;11/07/2013 15:27;;;;;287750;2;0;;Non;;
6731;sg1;Task;Feature #5882: beta 1.3;Feedback;Normal;speed problem on production server;Nadyne Bienvenue;Michael Richardson;0;0;19;30;0;28/06/2013 11:16;02/07/2013 15:07;;;;279300;0;0;;Non;;
6804;sg1;Task;Feature #6805: call statistics maintenance;New;Normal;investigate why abandoned call calculation is so incredibly wrong for non-hosted clients.;Michael Richardson;Michael Richardson;3;0;0;0;11/07/2013 15:27;;;;;287700;3;0;;Non;;;
5462;sg1;Task;Feature #6805: call statistics maintenance;Active;Normal;Associate hunt group to user busy legs;Samir Hussain;Michael Richardson;;35;50;0;07/11/2012 20:42;;Li� � #5368;;;188300;;;Non;;;;
1908;sg1;Task;Feature #6805: call statistics maintenance;New;Normal;daily peaks graph;Brenda Butler;Brenda Butler;;0;0;17/03/2011 10:10;;;;;345750;;;Non;;;;;
1868;sg1;Task;Feature #6805: call statistics maintenance;New;Normal;generate email to SFoisy of daily peak values.;Michael Richardson;;1;0;0;0;14/03/2011 17:24;;;;;275800;1;0;;Non;;;
6709;sg1;Task;Feature #6805: call statistics maintenance;New;Normal;Verify test data generates useful results.;Justin Hornosty;Michael Richardson;;0;0;25/06/2013 16:53;;;;;266550;;;Non;;;;;
6670;sg1;Task;Feature #5882: beta 1.3;New;Normal;Show BTN beside the client name;Nadyne Bienvenue;Nadyne Bienvenue;;0;0;19/06/2013 14:34;;;;;201600;;;Non;;;;;
5874;sg1;Task;Feature #5882: beta 1.3;New;Normal;Drop down menu display;Nadyne Bienvenue;Nadyne Bienvenue;;0;0;07/02/2013 12:16;;;;;243950;;;Non;;;;;
5936;sg1;Task;;New;Normal;Should we analyze production data to see what clients want to do;Samir Hussain;Nadyne Bienvenue;;0;0;22/02/2013 11:19;;;;;355350;;;Non;;;;;
5757;sg1;Task;Bug #6473: cleanup/maintenance work -release 1.0;New;Normal;Add doc strings;Samir Hussain;;;0;0;21/01/2013 18:31;;;;;391400;;;Non;;;;;
6426;sg1;Bug;;New;Normal;more work on beaumont custommessage migration;Brenda Butler;;;27;25;0;05/05/2013 22:16;;;;;97000;;;Non;;;;
6415;sg1;Task;Feature #5882: beta 1.3;New;Normal;be able to mark a customer as expired (create no more stats for it);Michael Richardson;;3;0;0;0;30/04/2013 20:12;;;;;344900;3;0;;Non;;;
5875;sg1;Task;Bug #5831: Issues Nadyne is tracking;New;Normal;Conference bridge;Nadyne Bienvenue;Nadyne Bienvenue;;0;0;07/02/2013 13:00;;;;;250200;;;Non;;;;;
5831;sg1;Bug;;New;Normal;Issues Nadyne is tracking;Samir Hussain;Nadyne Bienvenue;;0;0;01/02/2013 13:13;;;;;22400;0;0;;Non;;;;
5592;sg1;Task;;New;Normal;Get English translation for the help text;Samir Hussain;Nadyne Bienvenue;;0;0;29/11/2012 17:19;;;;;354750;;;Non;;;;;
5468;sg1;Task;Bug #5831: Issues Nadyne is tracking;New;Normal;repeating the pages bar at the top;Nadyne Bienvenue;Nadyne Bienvenue;;0;0;08/11/2012 13:43;;;;;248550;;;Non;;;;;
5190;sg1;Task;Feature #5817: Future release features/tasks/bugs;Active;Normal;Help window needs to open as a popup; or a new window (not new tab);Nadyne Bienvenue;;;0;50;10/09/2012 16:30;;;;;235700;;;Non;;;;
5689;sg1;Task;Feature #5817: Future release features/tasks/bugs;New;Normal;Changing # of counts to be displayed resets the call line count incorrectly;Samir Hussain;;;1;25;10;10/01/2013 11:09;;;;;240300;;;Non;;;;
5820;sg1;Task;Feature #5817: Future release features/tasks/bugs;New;Normal;number of session by user;Nadyne Bienvenue;;;0;0;31/01/2013 11:42;;;;;248350;;;Non;;;;;
5835;sg1;Bug;;New;Normal;there are userprofile_customer records that don't match with userprofile records;Brenda Butler;Brenda Butler;;1;0;0;04/02/2013 16:13;;;;;96350;;;Non;;;;
4932;sg1;Task;Bug #5831: Issues Nadyne is tracking;New;Normal;Icons needed for multileg info;Samir Hussain;Nadyne Bienvenue;;0;0;13/07/2012 10:58;;;;;222600;;;Non;;;;;
4591;sg1;Task;Bug #5831: Issues Nadyne is tracking;New;Normal;Replace the three letter text in the legend with icons;Samir Hussain;Nadyne Bienvenue;;0;0;22/05/2012 13:56;;Li� � #4709;;;387500;;;Non;;;;;
5311;sg1;Feature;;New;High;Correlation of call legs with cdr in different scenerios;Michael Richardson;;11;25;14;50;89;10/10/2012 13:29;;;;;51100;8;50;;Non;;
3582;sg1;Task;Feature #5817: Future release features/tasks/bugs;New;Normal;Add Invoice PDF; Support Ticket option to the Telephone button;Samir Hussain;;;0;0;30/11/2011 17:47;;;;;233200;;;Non;;;;
4934;sg1;Task;Feature #5817: Future release features/tasks/bugs;New;Normal;Direction should be inbound/outbound based on Client's POV;Samir Hussain;;;0;0;13/07/2012 11:33;;Li� � #4831;;;263300;;;Non;;;;;
3490;sg1;Task;Feature #5817: Future release features/tasks/bugs;Assigned;Normal;ability to choose multiple values from dropdown lists in criteria;Brenda Butler;;;2;0;0;08/11/2011 13:41;;;;;227900;;;Non;;;;
5195;sg1;Task;Feature #5301: Nadyne Tasks: December;New;Normal;Paladium page;Nadyne Bienvenue;Nadyne Bienvenue;;0;0;10/09/2012 16:37;;;;;234100;;;Non;;;;;
3743;sg1;Task;Feature #5817: Future release features/tasks/bugs;New;Normal;Peak call graph tasks;Samir Hussain;;8;0;4;0;100;08/01/2012 21:37;;;;;328750;8;0;;Non;;
5630;sg1;Task;Feature #5817: Future release features/tasks/bugs;New;Normal;If there is no difference of days with the filters; no results are shown (ex: 2012-01-01 to 2012-01-01);Justin Hornosty;;;0;0;05/12/2012 10:42;;;;;217550;;;Non;;;;
5618;sg1;Task;Feature #5817: Future release features/tasks/bugs;New;Normal;Sort does not work but causes page reload. ;Justin Hornosty;;;0;0;04/12/2012 13:41;;;;;234750;;;Non;;;;;
4530;sg1;Task;Feature #5817: Future release features/tasks/bugs;New;Normal;Have customer's time zone in their profile so they can view time in their time zone;Samir Hussain;;;0;0;08/05/2012 14:38;;;;;184600;;;Non;;;;;
3575;sg1;Task;Feature #5817: Future release features/tasks/bugs;New;Low;Finish implementing admin control for uploading client's logo;Samir Hussain;;0;0;9;0;0;30/11/2011 16:12;;Li� � #3459; Bloque #3576;;;276950;0;0;;Non;
3583;sg1;Task;Feature #5817: Future release features/tasks/bugs;New;Normal;Add Call Usage graph to the Telephone service's Monitoring Console option;Samir Hussain;;;0;0;30/11/2011 18:01;;;;;345700;;;Non;;;;;
5205;sg1;Task;Feature #5817: Future release features/tasks/bugs;New;Normal;Beaumont: Reloading a CSV even with OVERWRITE=true does not seem to work properly;Samir Hussain;;;0;0;13/09/2012 16:21;;;;;277850;;;Non;;;;;
3318;sg1;Task;Feature #5817: Future release features/tasks/bugs;New;Normal;column sorting;Brenda Butler;;;0;0;11/10/2011 20:39;;;;;264050;;;Non;;;;;
5216;sg1;Feature;;New;Normal;beaumont phone.csv replacement;Michael Richardson;;6;0;0;50;14/09/2012 14:55;;;;;54350;6;0;;Non;;;
5611;sg1;Task;Feature #5311: Correlation of call legs with cdr in different scenerios;Feedback;Low;multiLeg (OutoingAnsweredTransferedToInternal);�tienne Blain;�tienne Blain;;0;0;03/12/2012 16:49;;;;;271450;;;Non;;;;;
5610;sg1;Task;Feature #5311: Correlation of call legs with cdr in different scenerios;Feedback;Low;MultiLeg (IncomingAnsweredTransferedToExternal);�tienne Blain;�tienne Blain;;0;0;03/12/2012 16:34;;;;;177550;;;Non;;;;;
5622;sg1;Task;Feature #5311: Correlation of call legs with cdr in different scenerios;Feedback;High;outgoing unanswered calls are not being displayed;�tienne Blain;�tienne Blain;;12;25;100;04/12/2012 16:08;;;;;250100;;;Non;;;;
5586;sg1;Task;Bug #5596: Preparation for beta;Feedback;Normal;Sort order is not correct in some cases.;Samir Hussain;�tienne Blain;0;0;3;0;100;28/11/2012 11:34;04/12/2012 16:05;;;;248100;0;0;;Non;;
5585;sg1;Task;Feature #5300: Administration October;Feedback;Normal;In Excel; the encoding is not showing up properly;Samir Hussain;;;0;25;0;28/11/2012 10:56;;;;;146200;;;Non;;;
5524;sg1;Task;Feature #5523: Administration: November;Active;Normal;meetings and communications;Michael Richardson;;4;0;7;75;0;16/11/2012 11:50;;;;;263250;4;0;;Non;;
4271;sg1;Task;Feature #5301: Nadyne Tasks: December;New;Normal;Monitoring stability french and english;Nadyne Bienvenue;;;0;0;30/03/2012 06:57;;;;;206400;;;Non;;;;;
5294;sg1;Task;Feature #4468: RT: integrate with list of clients (from SG1);New;Normal;create API on beaumont to search for client breadcrumbs;Michael Richardson;Michael Richardson;5;0;0;0;05/10/2012 12:18;;;;;258350;5;0;;Non;;;
5293;sg1;Task;Feature #4468: RT: integrate with list of clients (from SG1);Active;Normal;look at adding single button to RT;Michael Richardson;Michael Richardson;3;0;5;0;0;05/10/2012 12:18;;;;;258200;3;0;;Non;;
5291;sg1;Feature;;New;Normal;customized search - department/location;Nadyne Bienvenue;Nadyne Bienvenue;;0;0;05/10/2012 11:44;;;;;95400;;;Non;;;;;
5226;sg1;Task;Feature #4654: make client-detailed page for admin use;New;Normal;experiment with upgraded to rails 3.2;Michael Richardson;Michael Richardson;2;0;0;0;18/09/2012 09:38;;;;;246400;2;0;;Non;;;
5218;sg1;Task;Task #5173: Have time stored/displayed in client's time zone;New;Normal;make filters convert to/from local time.;Michael Richardson;Michael Richardson;3;0;0;0;14/09/2012 15:01;;;;;193500;3;0;;Non;;;
4711;sg1;Task;Feature #5216: beaumont phone.csv replacement;New;Normal;make accounts for admins when importing phone csv;Michael Richardson;Michael Richardson;3;0;0;0;11/06/2012 15:42;;Suit #4539;;;278650;3;0;;Non;;;
5027;sg1;Task;;New;Normal;meeting and communications;Samir Hussain;;;0;0;31/07/2012 16:42;;;;;369500;;;Non;;;;;
4677;sg1;Task;;New;Normal;Have the javascript based expand/hide functionality for multilegs;Samir Hussain;;;0;0;07/06/2012 14:56;;;;;349650;;;Non;;;;;
4674;sg1;Feature;;New;Normal;"when client hovers over extension, show ""otherpartyname"" and/or phone info";Michael Richardson;;;0;0;07/06/2012 12:59;;;5;0;;54700;;;Non;;;;
4655;sg1;Task;Feature #4654: make client-detailed page for admin use;Active;Normal;make cdr/btn/sites list more visible on client page;Michael Richardson;Michael Richardson;4;0;2;0;0;04/06/2012 10:59;;;;;150150;4;0;;Non;;
4588;sg1;Task;;New;Normal;Have acceptance/functional tests for release;Samir Hussain;;;0;0;22/05/2012 11:51;;;;;351550;;;Non;;;;;
4025;sg1;Task;;Assigned;Normal;Trip to Novavision on February 28th;2012;Samir Hussain;;;8;0;0;28/02/2012 18:51;;;;;330550;;;Non;;;
3806;sg1;Task;;New;Normal;Deploy changes to demo server;Samir Hussain;;;1;25;0;20/01/2012 14:33;;;;;343800;;;Non;;;;
3835;sg1;Task;;New;Normal;Research possible areas of improving SG1 performance;Samir Hussain;;;1;50;0;25/01/2012 14:37;;;;;380650;;;Non;;;;
3576;sg1;Task;Feature #3625: training;New;Normal;Train Nadyne on how to upload client logos using admin page;Samir Hussain;;;0;0;30/11/2011 16:18;;Bloqu� par #3575;;;358700;;;Non;;;;;
2442;sg1;Feature;;New;Normal;Common Task Prorated Time CTPT;Christian Meloche;;;349;31;0;16/05/2011 16:21;;;;;90350;;;Non;;;;
1778;sg1;Task;Feature #1634: Administration;Assigned;Normal;IGA heads up meeting with Alain ++;Christian Meloche;Christian Meloche;;2;0;0;24/02/2011 14:03;;;;;116300;;;Non;;;;
1777;sg1;Task;Feature #1634: Administration;Assigned;Normal;Work with Brenda to test site ;Christian Meloche;Christian Meloche;;2;50;0;24/02/2011 14:02;;;;;116350;;;Non;;;;
1658;sg1;Task;Feature #1634: Administration;Assigned;Normal;figure out the https cert.;Christian Meloche;Christian Meloche;;0;50;0;03/02/2011 10:09;;;;;101850;;;Non;;;;
1496;sg1;Task;Feature #1605: Make a smoke mirror pages for IGA  B;Active;Normal;Message page:  request; approval; production.;;;5;0;18;50;0;04/01/2011 14:58;;;;;125300;5;0;;Non
1664;sg1;Task;Feature #1634: Administration;New;Normal;Iteration meeting;Brenda Butler;;;3;64;0;03/02/2011 18:12;;;;;107000;;;Non;;;;
1657;sg1;Task;Feature #1605: Make a smoke mirror pages for IGA  B;New;Normal;"channels page, javascript bug; total forms does not reset when page is refreshed";Brenda Butler;;5;0;0;0;02/02/2011 19:28;;;;;100500;5;0;;Non;;;
1494;sg1;Task;Feature #1605: Make a smoke mirror pages for IGA  B;Active;Normal;Make privateradio app for clientportal.;Brenda Butler;Brenda Butler;5;0;15;0;60;04/01/2011 14:57;04/01/2011 14:59;;;;125250;0;0;;Non;;
1637;sg1;Task;Feature #1634: Administration;New;Normal;project meeting;Brenda Butler;;;1;25;0;26/01/2011 20:23;;;;;416900;;;Non;;;;
